{
  "train_loss": [
    1.8519878387451172,
    1.4854176044464111,
    1.4532297849655151,
    1.3747574090957642,
    1.4463164806365967,
    1.4062544107437134,
    1.4533708095550537,
    1.3280086517333984,
    1.437150001525879,
    1.2677274942398071,
    1.200689673423767,
    1.258077621459961,
    1.1893731355667114,
    1.2739568948745728,
    1.2342694997787476,
    1.2970002889633179,
    1.1732054948806763,
    1.2136667966842651,
    1.1690664291381836,
    1.137743353843689,
    1.1587820053100586,
    1.1425492763519287,
    1.197830319404602,
    1.1183736324310303,
    1.1146624088287354,
    1.1360985040664673,
    1.1356836557388306,
    1.1231385469436646,
    1.105549931526184,
    1.1014047861099243,
    1.2527939081192017,
    1.2152423858642578,
    1.093549132347107,
    1.1674959659576416,
    1.0921885967254639,
    1.1835485696792603,
    1.0879993438720703,
    1.1490001678466797,
    1.1000635623931885,
    1.1221836805343628,
    1.184345006942749,
    1.248681664466858,
    1.1048529148101807,
    1.2203108072280884,
    1.13201904296875
  ],
  "train_accuracy": [
    0.36071428656578064,
    0.42500001192092896,
    0.4285714328289032,
    0.4107142984867096,
    0.40714284777641296,
    0.4214285612106323,
    0.4035714268684387,
    0.3857142925262451,
    0.4285714328289032,
    0.4571428596973419,
    0.4571428596973419,
    0.4178571403026581,
    0.4749999940395355,
    0.4392857253551483,
    0.4464285671710968,
    0.4392857253551483,
    0.4571428596973419,
    0.43214285373687744,
    0.4821428656578064,
    0.42500001192092896,
    0.44999998807907104,
    0.4178571403026581,
    0.38928571343421936,
    0.4107142984867096,
    0.4464285671710968,
    0.42500001192092896,
    0.4392857253551483,
    0.4642857015132904,
    0.4642857015132904,
    0.4714285731315613,
    0.4107142984867096,
    0.40714284777641296,
    0.4749999940395355,
    0.40714284777641296,
    0.4285714328289032,
    0.3821428716182709,
    0.46785715222358704,
    0.4285714328289032,
    0.4357142746448517,
    0.4392857253551483,
    0.4571428596973419,
    0.39642858505249023,
    0.4464285671710968,
    0.41428571939468384,
    0.4464285671710968
  ],
  "val_loss": [
    2.0774543285369873,
    1.7623406648635864,
    2.068974494934082,
    1.9973706007003784,
    1.5066418647766113,
    1.320807933807373,
    1.319782018661499,
    1.4246636629104614,
    1.4469853639602661,
    1.3215454816818237,
    1.1463078260421753,
    1.1511996984481812,
    1.2530386447906494,
    1.1278011798858643,
    1.0113885402679443,
    0.9678720235824585,
    1.0385911464691162,
    1.0550864934921265,
    0.9680753350257874,
    1.2289423942565918,
    1.2824159860610962,
    1.1279181241989136,
    1.0668445825576782,
    1.1038320064544678,
    1.1223750114440918,
    0.9786819815635681,
    0.9841639399528503,
    0.9427566528320312,
    0.918261706829071,
    0.9107601046562195,
    0.9122626185417175,
    0.9127404689788818,
    0.9117863178253174,
    0.9282333254814148,
    0.9305375218391418,
    0.9371084570884705,
    0.9766215085983276,
    0.9797269701957703,
    0.9804889559745789,
    0.9660766124725342,
    0.9596506953239441,
    0.9557338356971741,
    0.9441717863082886,
    0.9342352747917175,
    0.9388052821159363
  ],
  "val_accuracy": [
    0.25,
    0.25,
    0.25,
    0.28333333134651184,
    0.5,
    0.5,
    0.5,
    0.4833333194255829,
    0.5,
    0.5,
    0.5,
    0.5,
    0.36666667461395264,
    0.46666666865348816,
    0.5,
    0.5166666507720947,
    0.4833333194255829,
    0.5,
    0.5,
    0.5,
    0.5,
    0.5,
    0.4833333194255829,
    0.5,
    0.5,
    0.5,
    0.5,
    0.5,
    0.5,
    0.5,
    0.5,
    0.5,
    0.5,
    0.5,
    0.5,
    0.5,
    0.5,
    0.5,
    0.5,
    0.5,
    0.5,
    0.5,
    0.5,
    0.5,
    0.5
  ],
  "test_loss": 0.8960012793540955,
  "test_accuracy": 0.5,
  "test_precision": 0.782608687877655,
  "test_recall": 0.30000001192092896,
  "test_f1": 0.4337349510241321,
  "epochs_trained": 45
}